Voter ID;Jan Sedláček (stud PrF MU);David Vyhlídal (stud PrF MU);Šárka Vyskočilová (stud PrF MU);Kryštof Zika (stud PrF MU);Kateřina Audyová (stud PrF MU);Matyáš Ličeník (stud PrF MU);Barbora Bulánková (stud PrF MU);Lucie Králová (stud PrF MU);Tomáš Neugebauer (stud PrF MU);Martin Plášek (stud PrF MU);Karolína Šandorová (stud PrF MU);Jan Zubík (stud PrF MU);Roman Karchut (stud PrF MU);Nevenka Petříčková (stud PrF MU);Martin Zigmund (stud PrF MU, ESF MU);Tereza Vodičková (stud PrF MU);Robin Kašpar (stud PrF MU);Boris Šabík (stud PrF MU);Adam Jelínek (stud PrF MU);Adam Jasiok (stud PrF MU);Jan Dzuba (stud PrF MU);Jakub Nováček (stud PrF MU);Jan Schraml (stud PrF MU);Dominik Kalouda (stud PrF MU);Albert Jilg (stud PrF MU);Vítek Souchop (stud PrF MU);Kristýna Bohlová (stud PrF MU);Tomáš Pospíšil (stud PrF MU)
aajxqq9m8k;X;;;;;;;;;;;;;;X;X;;;;;;;;;;;X;
abv7vzrjgb;;;;X;;;;;;;;;;;;;;;;;;;;;;;;
aensugma0v;;;;;;;;;;;X;;;;;;;;;;;;;;;X;;X
akhfgq69eg;;;X;;X;;X;;;;X;;;;;;;;;;;;;;;;;
akhfqohjew;;;;;;;;;;;;;;X;;;;;;;;;;;;;;
am1n8x87vq;;X;X;;;X;;;;;X;X;;;X;;X;X;;;;;;;;;;
apkw7ha5jd;;;X;;X;;;;;;;;X;X;X;;;;;X;;;;X;;X;;
aupwtxyjel;;;;;;;;;;;X;;;;;X;X;;;;;X;;;;;;
auvsh5wg3w;;X;;;;X;;;X;;;;;;X;;;;;;;;;;;;;
awcjc37esy;;;;;;;;;;;X;;;;;;;;;;;;;;;;;
a1tmr1v336;X;;;;;;;;;;X;;;;;;;;X;;;;;;;;;
a4u6y25gr0;;;;;X;;X;X;;;X;;;X;;;;X;;;;;;;;;X;
a40ilaadem;;;;;;;;;X;X;X;;;;;;X;;;;;X;;;;;X;
a5yaoe7h08;;;;X;;;;;X;;;;;X;;;;;;;;;;;;;;
a7rntkc9sl;;;;;;;;;;;;;;;;;;;;;;;;;;X;;
a7yk58fqyt;;;;;;;;;;;;;;;;X;;;;;;;;;;;;
bba1l59log;;;;;;;;;;;;;;;;X;;;;;;;;;;;;
bc93v4mdj6;X;;;;;;;;X;X;;;;;;;;;;;;;;X;;X;;
bg9imi4igi;;;;;;;;;;;;;;;;;X;;;;;;;;;;;
bi4f922aig;;;;;;X;;;;;;;;;;;;;;;;;;;X;X;;X
bjgp8bipfs;;;;;;;;;;;;;;;;X;;;;;;;;;;;;
bkisjhpm68;;;;X;X;;X;;;;X;X;;X;;;;;;;;;;;;;;
bk90nqjhf3;;;;;;;;;;;X;;;;;;X;;;;;;;;;;;
blc3rxfif8;;;;;;;;;;;;;;;;;X;;;;;;;X;;;;
blwowkv6or;;;;;;;;;;;;;;;X;;;;;;;;;;X;;;
bm5uft99ir;;;X;;;;;;;;X;;;;;;;;;;;;;X;;X;;
bn95kylbip;;;;;;;;;;;;;;;;;X;;;;X;;;;;;;
bqs5ehyt9y;;;;;;;;;;;X;;;;;;;;;;;;X;;;X;X;
brrz6cy28d;;;;;;;;;;;;;;;;;;X;;;;;;;;;;
br1twr8dpp;X;;;;;X;;;;;;;;;;;;;;;;;X;;X;;;X
bsnqgfbqi0;;;;X;;;;;X;;;;;;;;;;;X;;;X;;;X;;
buqhhn8ra4;;;X;;;;;;;;X;X;;;X;;;;;;;;;;;X;;X
bv3jprbtuk;;;X;;;;;;;;;;;;;;;;;;;;;;;;;
bwana6wzx9;;;;;;;;;;;X;;;X;;X;;;;;;;;;;;;
bwne9ahry6;;;;;;;;;;;;;;;;;;;;;;;;X;;;;
bwyrhahc2e;;;;X;;;;;;;X;;;X;;;;;;;;;;;;;;
bw4f8xnbjd;;;;;;;X;;;;;;;;;;;;;;;;;;;;;
byx7xa8ubh;;;;;;;;;;;;;;;;X;;;X;;;;;;;;;
b0sbgq8ras;;;;X;;;;;;;;;;;;;;;;;;;;;;;;
b1tqlbkhi5;;;;;;;X;;;X;;;;;;;;;;;;;;;;;;
b2c6i8cfdh;;;;;;;;;X;;X;;;;X;X;X;;;;;;;X;;;X;
b3s74eviod;X;;;;;X;;;;;;;;;;;X;;;;;;X;;;;;
b31x9uq4t4;;;;;;;;;;;;;X;;;;X;;;;;;;;X;;;
b5yg66dbgl;;;;X;;;;;X;;;;;;;;;;;;;;;;;;;
b567gk3iga;;;;;;;;;;;;;;;;;;;;;;;;;X;;;
b7om4yhvu1;;;;;;;;;;;;;;X;;;;;;;;;;;;;;
b8pfy8e82z;;;;;;;;;;;;;;;;;;;;X;;;;;;;;
b9g3k7x7dc;;;;X;;;;;;;;;;;;;;;;;;;;;;;;
b9umx491ah;;;;;;;;;;;;X;;;;;;;;;;;;;;;X;
ca91o30vrw;;X;;;;;;;X;;;;;;X;;;;;;;;;;;;;
cbga6wkyqv;;;;;;;;;;;;;;;X;;;;;;;;;;;;;
cf2p38581q;;;;;;;;;;X;;;;;;;;;;;;;;;;;;
cjz8oa326k;;;;X;;;;;;X;;;;;;;;;;;;;;X;;;;
ck60o3tmns;X;;;;;;;;;;X;;;;X;;X;;;X;;;;;;;;
cmxegr7c16;X;;;;;;;;;;X;;;X;;X;;;;;;;;;;;;
cot6tb7odq;;;;;;;;;;;;;;;X;;X;;;;;;;;;;;
cqlvd1lyse;;;;;;;;;;X;X;;;;;;;;;;;;;;;;;
cq3wuy7i2u;;;;;;;;;;;;;;;;;;;;;;;;;;;X;
ct9e1rqgyi;;;X;X;X;;X;X;X;;X;;;;;;;;;;;;;;;;X;
cu2vwp5wpp;X;;;X;;X;;;;;;;;;;;;;;;;;X;;X;;;X
cvm65ctmlo;;;;X;;X;;;X;X;X;;;;X;;;;;;;;X;;;;;
cxbi35nfh4;X;;;;;;;;X;;;X;;X;;;;;;;;;;;;;;
cxgoz0f8pz;;;;X;;X;;;;;;;;;;;;;;;;;;;;;;
c0xdugxnpa;;;;;;;;;;;;X;;X;X;;;;;X;;;;;;X;;
c13so0rvl7;;;;;;;;;;;;;;;X;;;;;;;;;;;;X;
c43a5leh80;;;;X;;;;;;;;;;;;X;;;;;X;;;X;;;;
dbc4jsbnla;;;;;;;;;;;;;;;;;;X;;X;X;;;;;X;;
dczb4ua7dq;;;;X;;X;;;;;;;;;;;;;;;;;;;;;;
ddxqa3y1d4;;;;;;;;;;;;;;;;;;;;;;;;;;;;X
deqcudq8do;;;;;X;;;;;;X;;;;;;;;;;;;;;;;;
dflmr72h9t;;;;X;;;X;X;X;;;;;;;;;;;;;;;;;;;
dgaodc8oe0;;;;X;;;X;;;X;;;;;;;;;;;;;;;;;;
dgc581vzg7;;;;X;X;;;;X;;;;;X;;;;;;;;;;;;;;
dhi9yf14cw;X;;;X;;;;;;;;;;X;X;;;;;X;;;X;;X;;X;
dhy5mg8o45;;;;;;;X;;X;;X;;;X;;;X;X;;;X;;;X;;;;
dj3eyprt58;;;;;;;;;;;;;;;;;;;;;;;;;;X;;
dopxtr00l7;;;;;;;;;;;;;;;;;;;;;;;;X;;;;
dqm5lgd83i;;;;;;;;;;;;;;;;;X;;;;;;;;;;;
dth838yxqd;;;;;;;;;;;;;;;;;;;;;;;;;X;;;
dtv1r4rg5w;X;;X;X;;X;;;;;;;;;X;;;;;X;;;X;;;;;X
dur68uaxvk;;;;;;;;;;;;;;X;;;;;;;;;;;;;;
dut8jo66hw;;;X;;;;;;;;X;;;;;;;;;;;;;;;;;
du42fupaay;;;;;;;;;;;;;;;;;X;;;;;X;;;X;;;X
dvla7wmswu;;;;;;;;;;;X;;;X;;;;;;;;;;;;;;
dyucgxuq1i;;;X;X;;;X;;;;;;;;;;;;;;;;;;;;;
d4k0dpymaf;;;;;;;X;;;;X;X;;;;;;X;;X;X;X;X;;;;;
d5pgedou37;X;;;;;;;;;;;;;;;;;;;;;;;X;X;;;
d7hiowppb2;;;;;;;;;;;;;;;;;;;;X;;;;;;;;
d7nvmn4m9n;;;;;;;;;;;;;;;;;X;;;;;;;;;;;
d7pefe8gum;;;;;;;;;;;;;;;;;;;;;;;;;;;;X
d8gaevtnlx;;;;;;;X;;X;;;;;;X;;;X;;;;;;;;;X;
d8yw8mw3oy;X;;;;;;;;;;;;;;;;;;;;;;;;;X;;
d9lw384sdx;;;;;;;X;;X;X;X;;;X;;X;;X;;;;;;;;;X;
ectlg0b86m;X;;X;;;;;;;;X;;;;X;;;;;;;;;;;;;
ei3p9ixf6v;;;;;;;;X;;;;;;;;;;;;;;;;;;;;
ekm3i7d1ex;;;;X;;;;;X;;;;;;;;;;;;;;;;;;;
ekzk0yvcfi;;;;;X;;;;;;;;;;;;;;;;;;;X;;X;;
ek7eysmnwb;;;;X;;;;;;;;;;;;;;;;;;;;;;;;
ek9e1pg8km;;;;;;;;;;;;;;;;;;;;;;;;;;X;;
ek9m34x9xx;;;;X;;;;;X;X;;;;;X;;X;;;;;;X;;X;X;;
enm4lon801;;;;X;;;;;;;;;;;;;;;;;;;;;;;;
en14jspuxu;;;;X;;;;;;X;;;;X;X;;;;;;X;X;X;;;X;;
eork9en8h4;;;X;;X;;X;;;X;X;;;X;;;;X;;;;;;;;;X;
epeoa4i40g;X;;;X;;X;;;;;;;;;;X;;;;;;;;X;;;;
ersgwpzzcd;;;;;;;;;;;;;;;;;X;;;;;;;;;;;
ey8stne1w5;;;;;;;;;;;;;;;;;X;;;;;;;;;X;;
ezczshokxa;X;;;;;;;;;;;;;;X;;;;;;;X;;X;X;;;
ez1r63cq84;;;;;;;;;;;X;;;;X;X;X;;;;;;;;;;;
ez82f8t237;;;;;;;;;;;;X;;X;;;;;;;;;;;;;;X
e1rt8lv6g7;;;;;;;;;;;;;;;;;;;;;;;X;;;;;
e514cry1l5;;;;X;;;;;X;;;;;;;;;;;;;;;;;;;
e7rnfyfmy5;;;X;;;;;;;;;;;X;;;;X;;;;;;;;;;
e7w5r3k4wg;;;;;;;;;;;;;;;;;;;;;;;;;X;;;
e81kvdl9ic;;;;X;;;;;;;X;;;;;;;;;;;;;;;;;
e9gb1prc4f;;;;;;;;;;;;X;;;;;;;;;;;;;;;;
fczt9p32ft;;;;;;;;;;;;;;;;;;;;;;X;;X;;;;
fc4kb5ihe9;;;;X;;;;;;;;;;;;;;;;;;X;X;;;;;
fddo1ja8dt;;;;;;;;;;;;;;X;;;;;;;;;;;;;;
fd8oyg5ve7;;;;;;;;;;;X;;;;;;;;;;;;;;;;;
fezc5gwr0x;;;;;;;;;;;;;;;;;;;X;;;;;;;;;
ffwgd014kb;;;;;;;;;;;;;;;;X;;;;;;;;;;;;
fg9wb42ick;;;X;X;X;;;;;;;;;;X;;;;;;;;;;;;;
fik28wy8ji;;;;;;X;;;;;;;;;;;;;;;;;;;;;;X
fjyedco0dc;;;;X;;;;;;X;X;;;X;;;;;X;X;;;;;;;;
flj623d5yd;;;;;;;;X;;;;;;;;;;;;;;;;;;;;
fml6iormr3;;;;;;;;;;;;X;;;;;;;;;;;;;;;;
fm8y5mc939;;;;;;;;;;;X;;;;;;;;;;;;;;;;;
fns1qyphvh;;;;;;;;;;;X;;;X;;;;;;;;;;;;X;;
fpjukza0am;;;;;;;;;;;;;;;;;X;;;;;X;;;;;;X
franjyl1wu;;;;X;;;;;;;;;;;;;;;;;;;;;;;;
fsdziz0zcl;;;;;;;;;;;X;X;X;X;;;;X;;;;;;;;;;
ftesycllcw;;;X;;X;;;;;;X;;;;;X;;;;;;;;;;;X;
ft6pq4uzy9;;;;;;;;;;;;X;;;X;;X;;;;;;;;;;;
fua61xvc0e;;;;X;;;;;;;;;;;;;;;;;;;;;;;;
fw4e2bin2o;;;;;X;;X;;;;X;;;X;;;;;;;;;;;;;X;
fxm0xy5pff;;;;;;;;;;;;;;X;X;X;X;;;X;X;X;X;;;;;
fx7mqg563a;;;;X;X;;;;;;;;;X;;;;;;;;;;;;;;
f1nrs6fwzv;;;;;;;;;X;;;;;;;X;;;;;;;;;;;;
f2hlqtz2ww;;;;;;;;;;;;;;;;;;;;;;;X;;;;;
f6mkx9ew2g;;;;;;;;X;;X;;;;;X;;;;;;;;;;X;;;
f7cxo8911n;;;X;;X;;X;X;;;X;;;X;;X;;;;;;;;;;;X;
f8omnl3dzd;;X;X;;;X;;;X;X;;X;X;X;;;;;;;;;;;;;;
f9xs99tjvc;;;;;;;;;;;;;;X;;;;;;;;;;;;;;
ggng61i7b6;;;;X;;;;;;;;;;;X;X;;;;;;X;;;;X;;
ggq97of1te;;;;;;;;X;;;;;;;;;;;;;;;;;;;;
gh1nig01g4;;;;;;;;;;X;;;;;;;;X;;;;;;;;;;
gitjzm465d;;;X;;;;;;;;;;;;;;;;;;;X;;;;;;X
gjn62xvnzz;X;;;;;;;;X;;;;;X;;;;;;;;;;;;;X;
glehra52zg;;;;X;X;;X;X;X;;;;;;;;;;;;;;;;;;;
gl2lq6gj5i;;;;;;;;X;;X;X;;;;X;;;;;;;X;;X;X;X;;
gl57ff8iwo;;;;X;;;;;;;;;;X;;X;;;;;;;;;;;;
gmfxwe0r0q;;;;;;;;;;;X;;;;;;;;;;;;;;;;;
gofunullfm;;;;;;;;;;X;X;;;;;;;;;X;;;;;;;;
gto7ciy5x6;;X;;X;;;;;;;;;;;;;;;;;;;;;;;;
gwgp4vkm8o;;;;;;;;;;;;;;;;X;;;;;;;;;X;X;;
gwy25tz9dy;;;;;;;;X;;;;X;X;;;;X;;X;;;;;;;;;
gxdb7h06m3;;;;;;;;;;;X;;;;;X;;;;;;;;;;;;
gyh5k6d82s;;;X;X;;;X;;;;;;;;;;;;;;;;;;;;;
gy6tkjggiv;;;;;;;;;X;;;;;;;;;;;;;;;;;;;
gzwzdiopfz;X;;;;;;X;;;;;;X;;X;;;X;;;;X;;X;;;;
g1jatbujnl;;;;;;;;;;X;;;;;;;X;;;;;;;X;;X;;
g2ab8o0tuo;;;;X;X;;;;;;;X;;;X;;;;;X;;X;;X;X;;;
g3m05r89v3;;;;;;;;;;X;X;;;;;;;X;X;;;X;X;;;;;
g5lpk0lqan;;;;;;;;;;;;;;;;X;;;;;;;;;;;;
g6f2e7fjb7;;;;;;;;;;;;;;;;X;;;;;;;;;;;;
g6jg1fpj6y;;;;;;;X;;;;X;;;X;;;;;;;;;;;;;X;
g7ptb5ooqv;;;;;;;;;;;;;;;;;;;;;;;;;;X;;
g7rhhtya3z;;;;X;X;;X;;X;;;;;;;;;X;X;X;;X;;;;;;
g8tzyu38xa;;;;X;;;;;;;X;;;;;;;;;X;;;;;;;;
havkquwksu;;;;;;;;;;;;;;;X;;;;;;;;;;;X;;
hcb00f0vso;;;;X;;;;;;;X;;;;;;X;;;;;;;;;;X;
hf9ai8dllo;;;;;;;;;;X;X;;;;;;;;;;;;;;;;;
hiz4ixi997;;;;X;;;;;;;;;;;;;;;;;;;;;;;;
hkyt00r3av;;;;X;;;;X;;;;;;;;;;;;;;;;;;;;
hl1vfvptqe;;;;;;;;;;;;;;;;;;X;;;;;;;;;;
hnhi06f289;;;;;;;;;;;;;;;;;;;;;;;;;X;;;
hnqhosl6po;;;;;;X;;;;X;;;;X;;;X;;;;;;;X;;X;X;
hn9t2vcjfz;;;;;;;;;;;;X;;;;;;;;;;;;;;;;
hoe5kn3mzw;;;;X;;;;;;;;;;;;;;;;;;;;;;;;
ho84urltpq;;;;X;;;X;;;;;;;;;;;;;;;;;;;;;
hp5wxevl8a;;;;X;;;;;;;;;;;;;;;;;;;;;;;;
hq7e5r8xo4;;;;;;X;;;X;;;;;X;;X;;;;;;;;;;;X;
hscdke20e6;;;;X;;;;;;;;;;;X;X;;;;;;;;;X;;;
hs8n4n9clx;;;;;;;X;X;X;;X;;;;X;;;;;;;;;;X;X;;
htjcepfp29;;X;X;;;;;;;;;X;;;X;;;;;;;;;;;X;;
huyzyutqaa;;;;;;;;;;;;;;;;;;;;;;;X;;;;;
hv1o1smsyh;;;;X;;;;;;X;;;;;X;X;;;;;X;;;X;;X;;
hx053w2u3s;;;;;;X;;;X;;;;X;;X;;;;;X;;;;X;;X;;
h0jlde1655;;;;X;;;;;;;;;;X;;;;;;;;;;;;;;
h4zza27byu;;;;X;;;;;;;;;;;;;;;;;;;;;;;;
h45nzpippf;;;;;;;;;;;;;;;;X;;;X;;;;;;;X;;
h5lv2wgtbb;;;;X;X;;X;;;;;;;;;;;;;;;;;;;;;
h54q7qm7lh;;;;;;;;;;;;;;;X;;;X;;X;;;X;;;;;
h6ebaagqs4;;;;;;;;;;X;;;;;;;;;;;;;;;;;;
h6iqst9djk;;;;;;;;;;;;;;;;;;;;;;;;X;;;;
h6ponu5jfk;;;X;;X;;X;;;X;X;X;;X;;X;;;;;;;;;;;;
h6zl0sfrtu;;X;;;X;X;X;X;X;;;;;;;;;;;;;;;X;;X;;
h9ys8sce7g;;;;X;;;;;;X;;;;X;X;;;;X;;;X;X;;X;;;
ch6fshs63i;;;;X;X;;;;X;;;;;;;;;;;;;;;;;;;
iafts92ioc;X;X;;;;;;;X;;;;;;;X;;;X;;;;;;;;;
idk17tq2ez;;;X;;;;;;;;X;;;X;;;;;;;;;;;;;;X
iih526kajl;;;;;;;;;;;;;;X;;;;;;;;;;;;;;
ijrrnky4wr;;;;;;;;;;;;;;;X;;;;X;;;;;;;;;
ilho49q7rc;;;;;;;;;;;X;;;;;;;;;;;;;;;;;
imkun42kdv;;;;;;;;;X;X;X;;;X;;X;;;;X;;;;;;;X;
ipbd00bkpl;X;;;;;;;;;;;;;;;;;;;;;;;;;;;
iptuuspp2f;;;;;;;;;;X;X;;;;X;;;;;;;X;X;X;X;;;
iqux6jm0ew;;;;;;;;;;;;;;;;X;X;;;;;X;;X;;;;
is63gttexr;;X;;X;;;;;;;;;;;;;;;;;;;;X;;;;
iwxxvfyt9q;;;X;;X;;X;;;;X;;;X;;;;;;;;;;;;;;
izk2mk5u63;;;;;;;;;;;;;;X;;;;;;;;;;;;;;
i0qelaxcia;;;;X;;;;;;;X;;;X;;;X;;;;X;;;;;;X;
i1n8prod5z;;;;X;X;;;;;X;X;;;;;X;;;;;;;;;;;;
i2q0d7hrvk;;X;;;;;;;;;X;;;;;;;;X;;;;;;;;;
i30h7v8v73;;;;;;;;;;;;;;X;X;;;;;X;X;;X;;;;;
i8gdm6jzu4;;;;;;;;;;X;;;;;;;;;;;;;;;;;;
i9cy7ufb87;;;;X;;;;;;;;;;;;;;;;;;;;;;;;
jcllb62x81;;;X;;;;;;;;;;;;;;;;;;;;;;;;;
jc3jca7cn3;;X;;;;;;;;;;;;;;X;X;;;;;;;;;;;
jd17xu7tt8;;;;;;;;;;X;;;;;;;;;;;;;;;;;;
jfjlq5t4h2;;;;;;;;X;;;;;;;;X;X;;;;;;;;;;;X
jfqn4w8yhb;;;;;;;;;;;;;;;;;;;;;;X;;;;;;
jhcyr8ogut;;;;;;;;;;X;X;;;;;;X;;X;;X;X;;;;;;
jleen0bq5o;;;X;X;;;;;X;;;;;X;;;;;;;;;;X;;;X;
jnb756veag;;;;;;;X;;;;X;;;X;;X;;;;;;;X;;;;;
jn0zvj10au;;;;;;;;;;;;;;X;X;;;;;;;;;;;;;
joo50egabm;;;;;;;;;;;;;;;;;;;;;;;;;;X;;
jph824q72n;;;;X;X;X;;;;;;;;;;;;;;;;;;;;;;
jqoh3osfy8;;;;;;;;;;;;;;;;;;X;;;;;;X;;X;;
jqxcsdmnr5;X;;;;;;;;;;;X;X;X;X;;;;;;;;;;;;;
jt0kbpm3gl;;;;X;;;;;;;;;;;;;;;;;;;;;;;;
jxbv97kqll;X;;X;;;X;;;;;;;;;;;X;;;;;;X;;X;;;X
jzywl0ks1v;X;;;;;X;;;;;;;;;;;;;;;;;;X;;;;X
j0vrrqv4bc;X;X;;X;;X;;;X;X;;;;X;;;;;;;X;;;;;;;
j0ybhedgmb;;;;;;;X;;;;X;;;X;;X;;X;;;;;;;;;;
j2ndirrgd1;;;;;;;;;;X;;;;;;;;;;;;;;;;;;
j4a0u5dg35;;;;;;;;;;;;;;;;;;;;;;;;;;X;;
j6v9gdnfit;;;;;;;;;;;X;;;;;;;;;;;;;;;;;
j7hyl4i7sd;;;X;;X;X;X;;;;X;;;X;;X;;;;;;;;;;;X;
j7no3j6ix2;;;;X;;;;;;;;;;;;;;;;;;;;;;;;
j8dvmnpbqq;;;;;;;;;;;;;;;;;;;;;;;;;X;;;
j8d7vy793c;;;;;;;;;;;;;;X;;;;;;;;;;;X;X;;
j9gq71syfq;;;X;;;;;;;;;;;;;;;;;;;;;;;;;
kbqoh23mj3;;;;;;;;;;;;;;;X;;;;;;;;;;;;;
kbtdhaduyf;;X;;;;;;;;;;;;;;;;;;;;;;;;;;
kdeizfhh8x;;;X;;;;;;;;X;X;;;;X;;;;;;;;;;;X;
kfvkc7r9nt;;X;;;;;;X;;;X;;;;;X;;;;;;;;;;;;
khhtg856be;;;;;;;;X;;;X;;;X;;X;;;;;;;;;;X;;
ki3gme6c7o;;;;;;;X;;;X;;;;;;;X;;;;;X;;;;X;;
kkov3gtath;;X;;X;;;;X;;X;;;;;;X;X;;;;;X;X;;;;;
kk8pw74fm2;;;;;;;;;X;X;;;;;;;X;;;;;;;;;;;
kl4l4nszxy;X;;;;;;;;;;;;;;X;;;;;;;X;;;;;;
kohk0ygnwm;;;;;;;;;;;X;;;;;;;;;;;;;;;;;
ko1m5ehxr1;X;;X;;;;;;X;X;X;;;X;;;;;;;X;;;;;X;;
kp67soge51;;;;X;;;;;;;;;;;;;;;;;;;;;;;;
krdz8efzhz;;;;;;;;;;;;;;;;;;;;;;;;;X;X;;
krwc24svgp;X;;;;;;;;X;X;;;;;X;;X;X;;;X;;X;;;;;
ktvat7hes3;;;;X;;;;;;;;;;;;;;;;;;;;;;;X;
k0o0l3i7qq;;;;;;;;;;;X;;;;;;;;;;;;;;;;;
laks8368sv;;;;;;;;;;X;;;;;;;;;X;;;;;;;;;
ldsej2z7jb;;;;;;;;;;;;;X;;;X;;X;;;;;;;;;;
let3g3dxki;;;;;;;;;;;X;;;;;;X;;;;;X;X;;;;;
lfcncjk171;;;;;X;;;;;;;;;;;;X;;;;;;;;;;;
ljbaqukjov;X;;X;X;;;;X;X;;;X;;X;;;;;;;;;X;;;;;
lk5lte8cwc;;;;;;;;;;;;;;;X;;;;;;;;;;;;;X
lmb344t8oo;;;;;;;;;;;;;;;;;;;;;;X;;;;;;
lorzp3v545;;;;X;;;;;;X;X;;;X;;;;;;;;X;;;;X;X;
ls62ms5k79;;;;;;;;;;;;;;;;;;;;;;;;;;;X;
lu190c0q35;;;;;;;;X;;X;;;;X;;;;;;;;;;X;;;X;
lu4krccpsm;;;;;;X;;;;;;;;;X;;;;;X;X;;;;X;;;X
lva3rewrkp;;;;;;;;;;;;;;;;;;;;;;;;;;;;X
l60bl4cg4v;;;;X;;;;;;;;;;;;;;;;;;;;;;;;
l84tey4dr7;X;;;X;;;;;X;;;;;;;;X;;;;;;X;;;;;
l9qzecbhdb;;;;;;;;;;;X;;;X;;X;;;;;X;;;;;;;
mb90d6yh5w;;;;;;;;;;;X;;;;;;;;;X;;;;X;;X;;
mjdckuvmzg;;;;X;;;;;;;;;;;;;;;;;;;;;;;;
mkahjz7rd8;;;;X;;;;;X;;;X;;;;;;;X;X;X;;;;;;;
mlvxfpdofy;;;;;;;;;;X;;;;;;;;;;;;;;;;;;
mmty9xz120;;;;X;;;;;;;;;;;;;;;;;;;;;;;;
moofc58pu8;;;;;;;;;;;;;;;;;;;;;;;;X;;;;
mpd0j9ni34;;;;;X;;;;;;X;;;X;;;;;X;;;;;;;;;
mquzm5fib8;;;X;;;X;;;;;;X;;X;;X;X;;X;;;;;;;X;;
mvieu2ug71;;;;;;;;;X;;;;;X;X;;;;;;;;;;;X;;
mw2oh29939;;;;;;;X;;;;;;;;;;;;;;;;;;;;;
mxb2d5d070;;;;;;;;;X;;;;;;X;;X;;;;;;;;;;X;
mxu70s40af;;;;X;;;;;;;;;;;;;;;;X;X;;;;;;;
mzj6dgxhr5;;;;X;X;;;;;;;;;X;;;;;;;;X;;;;;;
m2c5phr97t;;;X;;;;X;X;;X;;;;X;;X;X;;;;;;;;;;X;
m4pzacegkg;X;;;;;;;;;X;X;;;;;;;X;;;;;;;;;;
m4wvs5ji2a;;;;;;;;;;;X;X;X;;;;;;;;;;;;;;;
m5aulgzhpl;X;;;X;;;;;;;;X;;;;;;;;;;;X;;X;X;;
m7n8gm7wly;;;;;;;;;;;;X;;X;;;;;;;;;;;;;;
nartkximdt;;;;X;;;;;;;;;;;;X;;;;;;;;;;;;
nbs4co8h1e;X;X;;X;;X;X;X;;X;;;;;;;;;;;;;;;;X;;
ndluih8dwf;;;;;;;;;;;;;;;;;;;;X;X;;;;;;;
ngxuiktikx;X;;;;;X;;;;;;;;;;;;;;;;X;X;;X;;;X
nis0rv6yh7;X;;;;;X;;;;;;;;;;;;;;;;;X;;X;;;X
nkf8imfpuu;;;;;;;;;;;X;;;;;X;;;;;;;;;;;;
nnwl0anvbo;;;;;;;;;;;;;;;;;;X;;;;;;;;X;;
no6uc3cfo4;;;;;;;;;;;X;;;X;;X;;;;;;;;;;;;
npvilvrlss;;;;;;;;;;;;;;;X;;;;;;;;;;;;;
nscofdovx6;;;;X;;;;;;;;;;;X;;;;;;;;;X;;X;;
nskpjcxi8e;;;;;;;;;;;;;;;;;;;;;;;;;;;X;
ntixysoj59;;;;X;X;;X;;;X;;;;;;;;;;;;;;;;;;
nyji080501;X;;;;;X;;;;;;;;;;;;;;;;;;;X;;;X
n0s0mrsfzx;;;;;;;;;;;;;;X;;;;;;;;;;;;;;
n0xw2jegiv;;;;;;;;;;;;;;;;;;;;;;;X;;;X;;
n1ashdtzdg;;;;X;X;;X;;;;X;;;X;;;;;;;;;;;;;X;
n146lq21k0;;;;;;;;;;;;;;;;;;;;;;;;;;;;X
n2pzmoa4ah;;;;;;;;;;;X;;;;;;;;;;;;;;;;;
n211gsxmhw;;;;X;;;;;;;;;;;;;;;;;;;;;;;;
n3fc7p9akz;;;;X;;;;X;X;;;;;;;;;;;;;;;;;;;
n3imkbsljt;;;;;;;;;;;;;;X;X;;;;X;X;;X;X;X;;X;;
n5qy0703sq;;;;;;;;;;;X;;;;;X;;;;;;;;;;;;
n7zjnpmlle;;;;;;;;;;;X;;;;X;;;;;;;;;;;;;
n73zi4zi2y;;;;;;;;;;;;;;;;;X;;;;;;;;;;;
n8yk45jauc;;;;;;;;;;;;;;;;;;;;;;;;X;X;;X;
n84qk1zcvu;;;;;;;;;;;;;;;;;;;;;;;X;;;;;
oax4eryoti;X;;;;;;;;;X;;;;X;X;X;;;X;X;;;;;X;;;
obxgze8fls;;X;;;;;;;;;;;;;;X;X;;X;;;X;X;X;;;X;
odc6qo8ph3;;X;;;;;;;X;;;;;;;;;;;;;;;;;;;
odgipaam7j;;;;X;;X;;;;;;;;X;;;;;;;;;;;;;;
oeqnk9wnfj;;X;;;;;;;;;;X;;;X;X;X;;X;;X;;;;;X;;
oeup71qq6k;;;;;;;;;;;;;;;;;;;;;;X;;X;;;;X
of7lyzf39x;;;;;;;;;;;X;;;X;;;X;;;X;;;;;X;;;
ogspsdfxnv;;;;;;;;;;;;;;;;;;;;;;;;X;;;;
oibs21we3q;;;;;;;;;;;;;;;X;;;;;X;;;X;;;;;
oi2fh5spdx;X;X;;;;X;;;;;;;;;;;;;;;;;X;;X;;;X
oj12vuimwy;;X;;;;X;;;;;;;;X;;;;;;;;;;;X;;;X
ok3k7z3u8z;;;X;;X;;X;;;;X;;;X;;;;;;;;;;;;;;
olxzqsmsg5;;;;X;;;;;;X;;;;X;;;;;;;;X;;;;X;X;
omcbh2glrg;;;X;;;;;;;;X;;;;X;;;;;;;;;;;X;;
orbor1dzvf;;;;X;;;;;;;;;;;;X;;;;;;;;;;;;
or3ya0xu5l;;;;;;X;;;;;X;;;X;;;X;;X;;;;;X;X;;;X
osthbfb74y;;;;X;;;;;X;;X;;;X;X;X;;;;;;;;;;;X;X
ouczuowwk3;;;;X;;;;;;;X;;X;;X;;;X;;;;;;X;;;X;
ovudtcgm98;;;;X;;;;;;;;;;;;;;;;;;;;;;;;
ovv3d87nyc;X;;;X;;;;;;;;;;;;;;X;;;;;;;;;;X
ox35myweah;;;;;;;;;;;X;;;X;;X;;;;;;;;;;;;
o1bhg4683w;;;;;;;;;;;;;;;;;;;;;;;;;;X;;
o3ff1ok3vj;;;;;;;;;;;;;;;;;X;;;;;;;;;;;
o5olwukrzf;;;;;;;;;;;;;;;;;;;;;;;;;;;;X
o6snyw8x7t;X;;;X;;;;;X;X;;X;;;;;;;;;;X;;;X;;;
o6tspp6lzc;;;;X;;;;;;;;;;;;;;;;;;;;;;;;
o6vp5zbhju;;;;;;;;;;;;;;;;X;;;;;;;;;;;;
paj0th3y8b;X;;;;;;;;;X;X;;;;;;;;;;;;;;;;;
pb0zm55fl0;;;;X;X;;;;X;;X;;;;;;;;;;;;;;;;X;
pb76jot008;X;;;;;;;;;;X;;;X;;X;;;;;;;;;;;;
pcbbv1mt16;X;;X;;;;;;X;;;;;X;X;;;;;X;;;X;;X;;;
pc27o6910f;;;;;;;;;;;;;;;;;;;;;;;;;X;;;
pfm18fmus2;;;;;;;;X;;;;X;;X;;;;;X;;;;X;;X;X;X;
pis2ss97mb;;;;;;;;;;;;;;;;;;;;;;;;;X;;;
pnox4gfe8p;;;;X;;;;;;;;;;;;;;;;;;;;X;;X;;
pnzoazenxp;X;;;X;;X;;;X;;;;;;;;;;;;;;X;X;X;;;
poj7yqi3vx;;;;X;;;;;;;;;;;;;;;;;;;;;;;;
ppgl45mqqv;;;;X;X;X;;;;;;X;;;;;;;;;;;;;;;;
ppi490bsbx;;;;;;;;;;;;;;;;;X;;;;;;;;;;;X
pqohvq7flh;;;;;;;;;;;;;;;;X;X;;X;X;X;X;X;;;;;X
pt4pefff1g;;;;;;;;;;;;;;;;;X;;;;;;;X;;;X;
pu92a8ak2e;;;;X;;;;;;;;;;;;X;;;;;;;;;;;;
pvdcotl4q0;;;;X;;;;;;;;;;;;;;;;;;;;;;;;
pwj5wu6k1t;X;;X;X;;;;;;;;;;;X;;;;;X;;;;;;;X;
py3efcwf2k;;;;X;X;;;;;;;;X;X;;X;;;;;;;;;;;;
pzvu3zl0az;;;;;;;;;;;;;;X;;X;;;;;;;;;;;;
p0ywvovzhp;;;;X;;;X;;X;;;;;;;;;;;;;;;;;;X;
p6d27w98x3;;;;;;;;;;;X;;;X;;;;;;;;;;;;;;
p7h201phzl;;;;;;;;;;;;;;;;;X;;;;X;;;X;;;X;
p71q1yvofm;;;;;;X;;;;;;;;X;X;;X;;;;;;;;;;;X
p8cm5yzlze;X;X;;;;;;;;;;;;X;;;;;;;;;;X;;;;
qcfxxndfea;;;;;;;;;;;;;;;;;;;;;;X;X;;;;;
qc2kekvaxp;;;;;;;;;;;;;;;X;;;;;;;;;;;;;X
qe4xaev5um;;;X;;;;X;;;;X;X;;X;X;;;;;;;;X;;;;X;
qflo79angr;;;;X;;;;;;;;;;;X;;;;;X;X;;;X;;;;
qgc2fxppql;;X;;;;X;;;X;;X;;;;;;;;;X;;;;;X;;;
qhhq42tbtx;;;;;;;;;X;;X;;;;;X;;;;;;;;;X;;;
qhmgud3ps1;X;;;;;;;;;;X;;;;;;;X;X;;;;;;;;;
qis5gynb4u;X;;;X;;;;;;;;;;;X;X;;;;X;;;;;;;;
qjt47uit9x;;;;X;;;;X;;;;;;;;X;;;;X;;X;X;;;;;
qkn2m2ysm6;X;;;;;;;;;;;;;;X;;;;;;;;;;;;;
qoydl6k3rc;;;;;;;;;;;;;;X;;;X;;;;;X;;;;;X;
qo7w14ikgm;;;;;;X;;;;;;;;;;;X;;;;;;;X;X;;;X
qpxgtkkiq4;;;X;;;;X;;;;;;;X;;;;;;;;;;;;X;;
qrbvap1lft;;;;X;;;;;;;;;;;;;;;X;;;;X;;;;;
qu7nun6uml;;;;;;;;;;;;;X;;X;X;;;;;;;;;;;;
qvrqn9n9kh;;;;X;;;;;;;X;;;;;X;X;X;;;;;;;;;;
qxbfycydyh;;;;;;X;;;;;;;;X;X;;;;;;;;;;;;;X
qywqg1qfaz;X;;;X;;X;;;X;;;;;X;;X;X;;;;;;;X;;;;
q04bdxful4;;;;X;;;;;X;;X;;;;;X;X;;;;;X;X;;;;;X
q9jjuvifsz;;;;;;;;;;;;;;;;;;;;;;;X;;;;X;
q9l8d7c8tn;;;;X;;;X;;;X;X;;;;;;X;;;;;;;X;;X;;
q9prdh4ffu;X;;;;;;;;X;;;;;;;;;;;;;;;;;;;
rbbjxjefcc;;;X;;X;;X;;;;X;;;;;;;;;;;;;;;;X;
rbtcm593m4;;X;;;;;;;;;;X;;X;;;;;;;;;;;X;;;
rephdei2jw;;;X;X;;;;;;;X;;;;;;;;;;X;;;;;;X;
rez7iz8dwi;;;;X;;;;;;;;;;;;;;;;;;;;;;;;
rfdf52s6xq;;;;;;;;;;;;;;;;;;;;;;;;;;X;;
rga8gsj3rb;X;;;;;;;;;X;;;;X;X;;;X;X;X;;;;;;X;;
rgi9wtx255;X;;X;;;;;;;;;;;;;;;;;;;;X;;X;;;
rgvjsrxk76;;;;;;;;;;;;;;;X;;;;;;;;;;;X;;
rgz0gig6s4;;X;;;;X;;X;;;;;;X;;X;;;;X;;;;X;;;;
rg0o0shuxg;;;;;X;;;;;X;;;;;;;;;;;;;;;;;;
ri33is5yuj;X;;;;;X;;;;;;;;;;;;;;;;;X;;X;;;
rjk0m0uru1;;;;;;;;;;;;;;;X;;X;;;;;;;;;;;
rp759fgpiu;;;;;;;;;;X;;;;;;;;;;;;;;;;;;
rqyy5g4rrl;X;;;;;;;;X;;;;;X;X;;;;;;;;;;;;;
ruybmlmapk;X;;;;;;;;;;X;X;;;;;X;;;;;;;;;;;
rvfdnt82hg;;;;;;;;;;;;X;;;;;;;;;;;;X;;;;
rvxmq5cz05;;;;;;;;;;;X;;;X;X;;;X;;;;;;;;;X;
ry1pyyztqh;X;;X;;;X;;;;;X;;;;X;;;;;;;;X;;X;;;X
r10tmles9v;X;X;;X;;;;;X;X;;X;;;;;;;;;X;;;;;;;
r17rm8hto9;X;;;;;;;X;;;X;;;;;;;;;;;;;;;;;
r2h5dq4wmw;;;;X;;;;;;;;;;;;;;;;;;;;;;;;
r3bd5f4z3c;X;;;;;;;;;;;;;;;;;;;;;;;;;;;
r3yjmgkbsx;;;;X;;;;;;;;;;;;;;;;;;;;;;;;
r4sm5nc8a5;;;;;;;;;;;;;;;;;;;;;;;;X;;;;
r4x6qelg9w;;;;;;;;;;;;;;;X;;;;;;;;;;;;;X
r5in1ysl4o;;;X;;;;X;;;;;;;X;;;;X;X;;;;;;;;;
r6al9a5bu3;;;;;;;;;;;;;;;;;;;;;;;;;X;;;
r73tbgtppl;;;;X;;X;;;;;X;;;;;;;;;;;;;;;;;
r8e78ay6iv;;;;;X;;;;;;;X;X;X;;X;;;;;;;;;;;;
r89agma743;;;;X;;;;;;;;;;;;;;;;;;;;;;;;
saol121ig4;;;;;;;;;;;;;;;X;;;;;;;;;;X;;;
sd8fysblsa;;;;;;;;;;;;;;;;;;;X;;;;;;;;;
sk27efqhjk;;;X;;X;;;;;;X;;;X;;X;X;;;;;;;;X;;X;
smq14rcq8r;;;;;;;;;;;;;;;;;;;;;;;;;;X;;
sqbe31rhyg;;;;X;;;;;;;X;;;X;X;X;;;;;;X;;;;;;
sv5bharp73;X;;;;;;;;;X;X;;;;;X;X;;;X;;;;;;X;;
sx9qgrm9sj;;;;;;;;;;;;;;X;;;;;;;;;;;;;;
s0gqt0vhrs;;;;;;;;;;;;;;;;;;;;;;X;;;;;;
s0vectrhwv;X;;;;;;;;;;;;;;;;X;;X;;X;X;X;;X;;X;
s26s9kd68g;;;;;;;;;;X;;;;X;;;;;;;;;;;;;;
s3ayqox2c6;;;;;;;;;;;;;;;X;;;;;;;;;;;;X;
s3kb1m4drh;X;;;;;X;;;;;;;;;;;;;;;;;X;;X;;;X
s3x0ygh5wa;X;;;;;;;;;;;;;;;;;;;;;;;;;;;
s5ceqd4vxr;X;;X;X;;;X;;;;;;;X;;;;X;;;;;;X;;;X;
s5cnb2j7kg;;;;;;;X;;;;;;;X;X;;;;;;;;;;;;;
s5862i2jaw;X;;X;X;;;;;;;;;;X;;;X;;;;;;;;;;X;
s7yupqpmay;;;;;;;;;;;;X;;;;;;;;;;;;;;;;
s7y0g6ewna;;;;;;;;;;;X;;;X;X;;;X;;;;;;;;;;
s8gb5bcoxg;;;;;;;;;;;;X;;X;;;;;;;;;;;;;;
tay3emkwmp;;;X;;;;;;;;;;;X;;X;;;;;X;;;;X;;;
taz1t8f2ev;;;;;;;X;;;;;;;X;;;;X;;;;;;;;;;
td2qo7jepw;;;;;;;;;;;;;;;;;X;;;;;;;;;;;
tfljf6qqyt;X;;;;;;;;;;X;;;X;X;X;;;;X;X;;;;;;;
tg8smij4wg;;;;;;;;;X;;;;;;;;;;;;;;;;;;;
ti3dvc9hv3;X;;;;;X;;;;;;;;;;;;;;;;;;;;;;
tknswivw8i;;;;;;;;;;;;;;;;;;;;;;;;;X;;;
tksoeqeda6;;;;X;X;X;;;;;;;;;;;;;;;;;;;;;;
tm3ruqnfea;;;;;;;;;;X;X;;;;;;;;;;;;;;;;;
trx6ko54tv;;;X;X;X;X;;;;;;;;;;;;;;;;;;;;;;
tvpxvppjaa;;;;X;;;;;;;;;X;;X;;;;;;;;;;;;;
tz8jvoyxgl;;;;X;;;;;;;;;;;;;;;;;;;;;;;;
t2jh3ijxfh;;;;;;X;;X;X;X;X;;;;;;X;;;;;;;;;;X;X
t4mhhky2b5;;;;;;;;;;;;;;;;;;;;;;;;;;;X;
t5mnkpkhl7;;;;;;X;;;;;;;;;;;X;;;;;;;;;;;X
t7z4hm0j5f;;;;;;;;;;;;;;;X;;;;;;;;;;;;;
t9eig808nk;;;;;;;;X;;;X;;;;;;;;;;;;;;;X;;
uap5112n2u;;;;;;X;;;;;X;;;;;;X;;;;;;;;;;;
ub5s766ywz;;X;X;;X;;;;X;;;;;;;X;;;;;;;;;;;;X
uksysqdeih;;;X;;;;;;;;;;;;X;;;;;;;;;X;X;X;;
ulslgyfgrb;;;X;;X;;X;;;;X;X;;X;;;;;;;;;;X;;;X;
ulyl6xnfg0;;;;X;;;;X;;;;;;;;;;;;;;;;;;;;
urf3dpn3yt;;;;;;;;;;;;;;;;;;;;;;;;;;;;X
urq5vdthji;;;;;;;;;;;;;;;X;;;;;;;;;;;;;
ur8d3c2g8n;;;;;;X;;;;;;;;;;;;;X;;;;;;;;;
uso4lu7c51;X;;;X;;;;;X;;;;;;;X;X;;;;;X;;;;X;X;
utngdlkehw;;;X;;X;;X;X;;;;;;X;;X;;;;;;;;X;;;X;
utvbwjk2vo;;;;;;;;;;;;;;;;;;;;;;;;X;;;;
uul1pyusuj;;;;;;;;;;;;;;;;;;;;;;;;;;;;
uvjrbaupsq;;;;;;;;;;;;;;X;;X;;;;;;;;X;X;X;;
uw037xpwuo;;;;;;;;;;;;;;;;;;;;;;;;;;X;;
ux4fzzjqkc;;;;;;;;;;;;;;;;X;;;;;;;;;;;;
ux5hv7m4xp;X;;;;;X;;;;;;;;;;;;;;;;;X;;X;;;X
uyu2oxafs9;;;;;;;;;;;;;;;;;X;;;;;;;;;;;
u1k48mbrnw;;;;X;;;;;;;;;;;;;;;;;;;;;;;;
u3xykwivus;;;;X;;;;;X;;;;;;;;;;;;;;;;;;;
u361rmm0mf;;;;;;;;;;;;;;;X;;;;;;;;;;;;;
u4pdak5qtk;X;;;;;;;;;;X;X;;X;;;;;;;;;;;;;;
u6wqzhojdt;;;;X;;;;;;;;;;;;;;;;;;;;;;;;
u79i9kvuy9;;X;X;;;;X;;;;;X;X;X;;;;;;;;;;;;X;;X
u8p1ta98og;;;;;;;;;;;;;;X;X;;;;;;;;;;;X;;
vd4ndxht38;;;;;;;;;;X;;;;;;;X;;;;;;;X;;;;
vkgi07hhh2;X;;;X;;X;;;;;X;;X;;X;X;;;;;;;;;;X;;
vkwmqr9ld2;;;;;;;;;;X;;;;;;;;;;;;;;;;;;
vkzl4xzr3e;X;;;;;;;;;;;X;X;;;;;;;;;;;;;;;
vk3rn120eb;;;;;;;;X;;;;;;X;;;;;;;;;;;;;;
vlcj8vnbx4;;X;;;;;;;;;X;;;;X;;;;;;;;;X;;;;
vldlc17vgz;;;;;;;;;X;;;;;;;;;;;;;;;;;;;
vlfwzg800f;;;;X;;;;;;;;;;;;;;;;;;;;;;;;
vl4ipkck4l;X;;;X;;X;;;;;;;;;;;;;;;;;;;;;;
vmco3slkt4;;;;;X;;X;;;;X;;;X;;X;;X;;;;;;;;X;X;
vntfqyj4ll;;;;;;;;;;X;;X;;;X;;;;;;;;;;;;;
vp6xzlvo2a;;;;X;;;;;;;;;;;X;;;;;;;;;;;;;
vrw2ltze2q;X;;;;;X;;;;;;;;X;X;;X;;;;;;;;;;X;
vsxo0uzslv;;X;;X;X;X;;;;;;;;;;;;;;;;;;;;;;
vvdfbdwgk3;;;;X;;;;;;;;;;;;;;;;;;;;;;;;
vvfukvfj3l;;;;;;;;;;;;;;;;;;;;;;X;;;;;;
vwhfjr0kvj;;;;;;;;;;X;;X;;;X;;;X;X;;;;;;;;;X
vw7qu0hcjk;;X;X;X;;;;;X;;X;;;X;;;;;;;X;;;;;;X;
v0ne2674qf;X;;;;;;;;;;;;;;;;;X;;;;;;;;;;
v1hf5hrtbz;;;;X;;;;;;;;;;;;;;;;;;;;;;;;
v3lewlha2h;;;;;;;;;;;;X;;;;;;;;;;;;;;;;
v4wh7tnvwm;;;;;;;;;;;;;;;;;X;;;;;;;;;;;
wa08cxzlo1;;;;X;;;X;;;X;;;;X;;;X;;;X;;;X;;;X;;
wej2q5waxq;;;;;;;;;;X;;X;;;;;;;;;;;;;;;;
wfjdph5smx;;;;;;;;;;X;;;;;;;;;;;;X;X;;;;;
wi7mpzej9p;;;;;;;;;;;;;;X;;;;;;;;;;;;;;
wjwa9fr388;X;X;;;;;;;;X;;;;;;X;X;X;;;X;X;;;;;;
wj6chkn7vb;;;;;;;;;;X;;;;;;;X;;;;;X;;;;X;;
wmau3yo012;;;;;;;;;;;;;;;;;X;;;;;;;;;;;X
wmyxkae8ta;;;;;;;;;;;;;;;;X;;;;;;;;;;;;
wm9anzedmn;;;;X;;;;;;;X;;X;;;;;;;;;;;;X;;;
wnkq3wd0cr;;;;;X;;;;;X;;;;;;;;;;X;;;;;;;;
wpmehhbhsd;;;;;;;X;;;;;;;;;;;;;;;;;;;;;
wpp70t8kif;X;X;;X;;;;;;;X;;X;;X;X;;;;;;;;;X;;;
wpua7wjs01;;;;;;;;;;;X;;;;;;;;;;;;;;;;;
wsq39vynoz;;;X;;;X;;;;;;;;;;X;;;;;;;;;X;;;
wxlgg3sszn;;;;;;;;;;;;;;;;;;X;X;;;;;;;;;
wyk10qqehi;;;;;;;;;;;;X;;X;;;;;;;;;;X;X;;X;X
wy9qtlb0xc;X;;;X;;;;;;;;;;;;;;;X;;;;;;;X;;
wzlvs10rgm;;;X;X;;;;;;;;;;;;;;;;;;;;;;;;
wznahulw2y;;;;;;;;;;;X;;;;;;X;;X;;;X;X;;;;;
w1a5qdxob7;X;;;;;;;;;;;;;;X;;;;;;;;;X;;;;
w1vkntorum;;;;;;;;;;;;X;X;;X;;;;;;;X;;;;;;
w3l6l6ykh2;;;;;;;;;;;;X;;;;;;;;;;;;;;;X;
w4djagbfal;;;;;;X;;;;;;;;;X;;X;;;;;;;;;;;X
w4gh46ofvr;;;;;;;;;;;;;;;;;;;;;;;;;;X;;
w5yruw1jtp;X;;;;;X;;;X;;;;X;;X;;;;;X;;;;;;;X;X
w6w89btgxg;;;;;;;;;;;;;;;;;;;;;;X;;;;;;
w7ktqkwf6d;;;;;;;X;;;;;;;;;;;;;;;;;;;;;
w8f0uzce5u;X;;;;;;;;;;;;;;;;;;;;;;;X;;X;;
w8rfbmlab4;;;;;;;;;;;;;;X;;;X;;;;;;;;;;;X
w8umhqtqnr;;;;;;;;;;X;;X;X;;;;;;X;;;;;;;;;
xbvb7rpmzd;X;;;;;X;;;;X;X;;X;;;;X;;;;;X;X;;;;;
xdgy36bvih;;;;;;;;;;X;;;;;;;;;;;;;;;;;;
xfg9w4t5je;;;X;;X;;;;;;X;;;X;;X;;X;;;;;;;;X;X;
xgfn152rav;;;;;X;;X;;;;X;;;;;;;;;;;;;;;;;
xlq4cs0icx;X;;;;;;;;;X;X;;;X;;X;;;;X;X;;X;;;;;
xmaew4ygrl;X;;X;;;X;;;;;;;;;;;;;;;;;X;;;;;
xmb7vptkib;;;;;;;;;;;;;;;X;;X;;;;;;;X;;X;;X
xs7lcmi13a;;X;;;;;;;;;;;;X;X;;X;;;;;;;;X;X;;
xxqmwdafr7;;;;;;;;;;;;X;;;X;;;;;;;;;;;X;;
xylgfyxnic;;;;;;;;;;;;;;;;;;;;;;;;X;;;;
x0fjfnunz2;;X;;;;;X;;;;;;X;;;;;;;;;;;;X;;;
x3g3riywjp;;;;;;;;;;;X;;;;;;;;;;;;;;;;;
x433ad2tuu;;X;;X;;X;X;;X;;X;;;;;;;;;;;;;;X;;;
x5rehzlauh;;;;;;;;;;X;;;;;;;;;X;;;;;;;;;X
x50y6ro4pk;;;;;X;;;;;;;;;;;;;;;;;;;;;;;
x7k7twukw3;X;;X;X;;;;;;;X;;;;;X;;;;;;;X;;;;;X
x7v7h0taqj;;X;;X;;X;;X;X;;X;;;X;;;;;;X;;;;;;;;
x898t5q2z1;;;;;;;X;;;X;X;;;X;;;X;;;X;;;;;;;;
x9ex0593fv;;;;;;;;;;;;X;X;;;;;;;;;;;;;;X;
x9ff9qqot8;;X;;X;X;;X;;X;;X;;;;;;;;;;;;;;;;X;
x9i3ym8sih;X;;X;;;X;;;;;;;;;;;;;;;;;;;X;;;
x9pmljxsv8;;;;;;;X;;;;;;;;;;;X;;;;;;;;;;
x92qlmr1aq;;;;X;;;;;;;;;;;;X;;;;;;;;;;;X;
yapc557vad;;;X;;;;;;;X;;;;;;;;;;;;;;;;;;
ybhr3khzb9;;;X;X;;;X;;;;;;;X;;;;;;;;;;;;;;
yeiub9tldm;;;;X;;;;;;;;;;;;;;;;;;;;;;;;
yfx5g9vb14;X;;;X;;;;;;;;;;;X;;;;;;;;;;;;;
yf586zfc03;X;;;;;;;;;;;;;;;;;;;;;;;;;;;
yg9ar7ixq6;;;;;;;;;;;;;;X;;;;;;;;;;;;;;
ykefhwebis;;X;;;;;;;X;;X;X;;;;;;;;X;X;;;;;;;
ym15p4ghtk;;;X;;X;;;X;;;;;;;;;;;;;;;;;;;;
yowo07wjhs;;;;;;;X;;;X;X;X;;X;X;;;;;;;;;;;;;
yqbby5fmm8;;;X;;;;X;;;X;X;X;;;X;X;;;;;;;;;;;;
yqmg2clke5;;;;X;;X;;X;;;;;;;;;;;;;;;;;;;;
yuktmpu61x;;;;X;;X;;;;X;;;;X;;;;;;X;;;X;;;X;;
yvkzyspyk3;;;;;;;;;;;X;;;;;;X;;;;;X;;;;;;
yv0kbhoo5h;;;X;X;X;;X;;;;X;;;X;;X;;;;;;;;;;;X;
ywysflo8m8;;;;;;;;;;;;;;;X;;;;;;;;;;;;;X
yxb9sdatyk;;;;;X;;;;;;X;;;X;;X;;;;;;;;;;;X;
yx7m4c8wcj;;;;;;;;;;;;;;X;;;;;;X;;;;;;;;
yykqvpe5kt;;;;X;;;;;;;;;;;;;;;;;;;;;;;;
yytxme6fzm;;;;;X;;;;;;;;;;;;;X;;;;;;;;;;
yyzkw9td5h;X;;;;;;;;;;X;X;;X;;;;;;;;;;;;X;;
yy2y5v54s1;;;;X;;;;;;;;;;;;;;;;;;;;;;;;
y0bb91ipcv;;;;;;;;;;;;X;;X;;;;;;;;;;;;;;
y03tqxksaa;;;X;;;;;;;;X;X;;;X;;;;X;X;;;;;;;;
y05smpb2jz;;;X;;;;;;;;;;;;;;X;;;;;;X;;;;;
y3i5ptdbwg;;;;X;;;;;;;;;;;;;;;;;;;;;;;;
y4k8wjw3au;;;;;;;;;;;X;;;;;;;;;;;;;;;;;
y45fdam2xm;;;;X;;;;;;;;;;;;;;;;;;;;;;;;
y6ivy164qs;X;;X;;;X;;;;;;;;;;;;;;;;;;;;;;
y6lzhut0vr;;;;X;;;;;;;;;;;;;;;;;;;;;;;;
y7oxse83ib;X;;;;;;;;X;;;;;X;;;X;;X;;;;;;;;;
zahhvo0wea;;;;;;;;X;;;;;;;;;;;;;;;;;;;;
zgw5xijbs6;;;X;;;;;;X;;;;;X;X;;;;;;;;;X;;;;
zg1hyot8my;;;;X;;;;;;;;;;;;;;;;;;;;;;;;
zhhudaiu4o;;;;X;;;;;;;;;;;;;;;;;;;;;;;;
zhlmaojulc;;;;;;;;;;;;;;;;;X;;;;;;;;;;;X
zk1cidm3b4;X;;;;;;;;X;;;;;X;;;X;;;;;X;X;;;;X;
zk36ukfup8;;;X;;;;;;;;;;;;;;;;;;;;;;;X;;
zk8o5iibam;;;;;;;;;X;;X;;;X;;X;X;;;;;;;;;;;
zlfxo0kd8u;;;X;;;;;;;;;;;;;;;;;;;;;;;;;
zl4lfw63wp;;X;X;;X;;;;;;X;;;;;;;;;X;;;;;;;X;
zmq3kldq3y;;;X;;;;;;;;;;;;;X;;;;;;;;;;;;
zobs3ldysg;;;;;;;;;;X;;;;;;;;;;;;;;;;;;
zqrqnaacxt;;;;;;;;;;;;;;;;;;;X;;;;;;;;;
zr7y4o8t7r;;;;;;;;;;;;;;;X;;;;;;;;;;;;;X
zr91cstlnn;;X;;X;;X;;;;;;;;;;;;;;;;;;;;;;
ztehzf9452;;;;X;X;;;;;;;;;;;X;;;;;;;;;;;X;
z0v92zptzl;;;;;;;;;;;;X;;;X;;;;;;;;;;;;;
z0yz3cn86p;;;X;;X;;X;X;;;X;X;;X;;;;;;;;;;;;;;
z02akzupu7;;;;X;;;;;;;X;;;;;;;;;;;;;;;X;;X
z1edn1m1h1;;;;;;;;;;;;;X;;;;;;;;;;;;;;;
z18efe3qwf;;;;;;;;;;;X;;;X;;X;;;;;;;;;;;;
z2oakkselm;X;;;X;;;;;;;;;;;X;X;;;;;X;;;X;;X;;X
z5koxtwjm3;;;;X;;;;;;;;;;;;;;;;;;;;;;;;
z66o0m3xdo;;;;;X;;;;;;;X;;X;;;;;;;;;;;;;;
z717m282qc;;X;;;;;;;;;;;;X;X;X;X;;;;;;;;;;;X
0dbnq6ys7g;;;;X;;X;;;;;;;;;;;;;;;;;;;;;;
0d8ff8u15k;;;;;;;;;X;;;;;;;;;;;;;;;X;;X;;
0fu8fkpa10;X;;;;;;;;;;;;;X;X;;;;;;X;;;X;X;X;;
0f3ciytabc;;;;X;;;;;;;X;;;;;;;;;;X;;;;X;;;
0g3dyoeeqs;;;;;;;;;;;;;;;;;;;;X;;;;;;;;
0iad9jo1kh;;;X;;;;;;;;;;;;;;;;;X;X;;;;X;;;
0ivwu10rcs;;;;X;;X;;;;X;;;;;X;;;;;X;;;;X;;X;;
0iy3t2k2zv;;;;;;X;;;;;;;;;;;X;;;;;;;;;X;;X
0kirveyfkn;X;;;;;X;;;;;;;;;;;X;;;;X;X;X;X;;;X;
0k3csa2zlr;;;;;;;;;;;;;;;;;;;;;;;;;;X;;
0m91pkck42;;;;;;;;;;;;;;;X;;;;;;;;;;;;;
0onsvkbvhm;X;;X;;;X;;;;;;;;;X;;;;;;;;X;;X;;;
0rtckdhxqf;X;;X;X;;;;;X;;X;X;;;;;X;;;;;X;;;;;;
0xhyndt25o;X;;;;;;;;;X;;;;;;;;;;X;;;;X;;;;
01xfdtmw1i;;;;;;;;;;;;;;;;;;;;;;X;;;;;;
02gmki244a;;;;X;;;;;;;;;;;;;;;;;;;;;;;;
027nsez4nw;X;;;X;;;;;;X;;;;X;;;X;;;X;X;X;;;;;;
03yy7exoyl;;;;;;;;;;;;;;;;;;;;;;;;;X;X;;
04x3xqnqkp;;;;;;;;X;;;X;;;;X;;;;;X;;;;;;;;X
05bo0ybrr5;X;;;X;;;;;;;;;X;X;;;;;;X;X;;;;X;X;;
06a89unhen;;;;;;;;X;;;;;;X;X;;;;;;;;;;;;;
08yfpm3dqj;;;;;X;;;X;;;X;;;X;;X;;;X;;;;X;;;;X;
09hjbe9f1v;;;X;;;;;;;;;;;;X;X;;;;;;;;;;;X;
09okp4obz8;;;;;;;;;;;X;;;X;X;;X;;;X;;;;;X;X;;
1amtas1wdu;;;;X;;X;X;X;;;;;;;;;X;;;;;;;;;;;
1cwii5wef3;X;;;;;;;;;;;;X;;X;;;;X;X;X;X;;;;;;X
1cznjphd3y;;;;X;;;;;;;;;;;;;;;;;;;;;;;;
1c699a6dux;;;;;;;;;;;X;X;;X;;X;;X;;;;;;;;;;
1giixydyh0;;;;;;;;;;;;;;;;;;;X;;;;;;;;;
1himdgdrge;;;;X;;;;;;;;;;;;;;;;;;;;;;;;
1h6rrd0ncw;;;;;;;;;;;;;;;X;;;;;;;;;;;;;
1nunt0uvz0;;;;;;;;;;;;;;;;;;;;;;;;X;X;;;
1qfngx92s2;;;;X;;;;X;;;;;;;;;;;;;;;;;;;;
1tlgcp1j4s;;;;;;;;;X;;;;;;X;X;;;;;;;;;;;;
1ui2hhqfl5;;;;;;;;;;;;;;X;;;;;;;;;;;;;;
1vf8pckcvf;;;X;;;;;;;;X;X;;X;;;;;;;;;;;;;;
1zo89txk32;;;;;;;;;;;;;;;;;;;;;;;;;;;;
11qer8l8hd;X;;;;;;;;;;;;;;X;;;;;;;X;X;;;;;
128d1lauzn;;;;;;;;;;;;X;;X;;;;;;;;;;;;X;X;
14mtntvuc0;;;;;;;;;;;;;;;X;;;;;;;;;X;X;X;;
14udlx2e53;;X;;;;;;;;;;;;;;;;;;;;;;;;;;
16nkoxburo;;;;;;;;;;;;;;;X;;;;;;;;;;;;;
2bqy5so8wn;;;;;;;;;;;;;;X;;X;X;;X;;;X;X;;;;X;
2d8np3iwn1;;;;X;;;;;;;;;;;;;;;;;;;;;;;;
2f5u7k71qz;X;;;;;;;;X;;;;;;;;X;;;;;;X;;;;;
2ger257ne8;;;;;;;;;;;;;;X;;;X;;;;;;;;;;;X
2jufx6qhqh;X;;;X;;X;;;;;;;;X;X;;;;;X;;;X;;;;;X
2j3zks55sp;;;X;;;;;X;;;;;;;;X;;X;;;X;X;X;;;;X;
2ltdakc3wk;;;;;;;;;;;X;;;;;;;;;;;;;;;;;
2n4lsc8vwi;;;;;;;;;;;;;;;;;;;;;;;;;X;;;
2ook2f4t6k;;;;;X;;;;;;;;;X;;X;;;;;;;;;;;;
2q3vuncfrm;;;;X;;X;;;;;;;;;;;;;;;;;;;;;;
2rfvl85j1z;;;;;;;;;;;;;;X;;;;;;;;;;;;;;
2t9gpjyloj;X;;;;;;;;;;X;;;X;X;X;;;;;;;;;;;;
2uu4jnoxky;X;;;X;;;;;;X;;;;;X;;;;;;X;;;;;X;;
2wyg622f1h;;;;;;;;;;X;;;;;;;;;;;;;;;;;;
2z5wrpacg5;;;;;;;;X;;;X;;;;;;;;;;;;;;;;;
2222gfif18;;;;;;;;;;;;X;;;X;;;;;;;;;;;;;
24oqs42648;;;;;;;;X;;;X;;;;X;;X;;;X;;;;;;;X;
26qmhcuilu;X;;;;;X;;;X;;;;;;;;;;;;;;;;X;;;
29xaqcf6e7;;;;;;X;;;;;;;;;;;X;;;;;;;;;;;X
3c5dnni1dm;;X;;X;;;X;;;;;;;;;;;;;;;;;;;;;
3c638wac8y;X;;;;;;;;;X;;;;;X;;;;X;;;;X;;;;;
3g3kcdm5pn;;;;;;;;;;;X;;;X;X;;;;;;;;;;;;;
3ji74hapbe;;X;;X;;;;;X;;X;;;;;;;;;;;;;;;;;
3j0hajnlo1;;;;;;;;;;;;;;;;;;;;;;;;X;;;;
3kh55wml5d;;;;;;;;;;;;;;;;;;;;;;;;;;;;X
3ntkw9b9t1;;;X;;;;;;;;;;;;;;;;;X;X;;;;X;;;
3n2vutlmxo;;;;;;;;;;;;;;X;X;;;X;;;;;;;;;;
3pvnarfkku;;;;;;;;;;;;;;;;;;;;X;X;;;;;;;
3qk4krc2m8;;;;;;X;;;;;X;;;;;;X;;X;;;;;X;;X;;
3qo85e7zhp;X;;;X;;;;;;;;;;;X;;;;;;;;;;;;;
3snf1ikdzd;;;X;;;;;;;;;;;;X;;;;;;;;;;;;;
3sunhaysg6;;;;;X;;;;;;;;;;;;;;;;;;;;;;;
3td00ny0m9;X;;;;;;;;;;;;;;;;;X;X;;;X;;;;;;
3t7oaked7y;;;;;;;;;;;;;;;;;;;;;;;;;;;;X
3vg1wue7xx;;X;;;X;;;;;;X;;;;;;;;;;;;;;;;X;
3wq0qf36pg;X;;;;;X;;;;;;;;;;;;;;;;;X;;X;;;X
3xryw865sy;;;;;;;;;X;X;;;;;;;;;X;;X;X;;;;;;
3xvf3b7dsa;;;;;;;X;;;;X;;;;;;;;X;;X;;;;;;;
3yqlse81ca;;;;;;;;;;;;;;;;;X;;;;;;;;;;;
3z9ckeykcm;;;;;;;;;;;X;X;;X;;;;X;;X;X;;;;;;;
304ffe175c;;;X;X;X;;X;;;;X;;;X;;X;;;;;;;;;;;X;
3069k9oqhw;;;X;;;;;;;;;;;;;;;;;;;;;;X;;;
31d221r1m0;X;;;;;;;;;;;X;;;X;;;X;;;;;;;;X;;
34e6sjrcn8;;;;;;;X;;;;;;;;;;;;;;;;;;;;;
39e2mlxryt;;;;;;;X;;;;;;;X;;;;;;;;;;;;;;
4dg6iquxjf;;;;;;;;;;X;;;;;;;;;;;;;;;;;;
4ex7nwp83j;;X;;;;;;;;;;;;X;;;;;;;;;;;;;;
4fvp5g9exp;;;;;;;;;;;;;;;;;;;;;;;;;;X;;
4gnvbjy3wb;;;;;;;;;;;;;;;X;;X;;;X;;;;;;;;
4gopsn7fxl;;X;;;;;;;;;X;;X;;;X;;;;;;;;;;;;
4h8br9b67q;;;X;X;;;X;;X;;;;;X;;;;;;;;;;;;;;
4k2umfyica;;;;;;;;;;;;;;;X;;;;;;;;;;;;;
4lfyzyhpk9;X;;;X;;;;;;;;;;;X;;;;;;;;X;;;;;
4sxdkcgcbd;;;;X;;;;;;X;;;;;X;;;;X;;X;X;;X;;X;;
4u4qf0i8nl;;;;;X;;;;;X;;;;;;X;X;;;;;;X;;X;;;
4whjve74uz;;;;;;;;;;;;;;;X;;;;;;;;;;;;;
4w5e79a3we;;;;X;;;;X;X;;X;;;;;;;;;;;;;;;;;
4zzr155lef;;;;;X;;;;;;;;;X;;;;;;;;;X;;;;;
40s4rxishj;;;X;;;;;;;X;;;;;;;;X;;;;;;;;;;
41b4nazd5p;;;;X;X;;;;;;;;;;;;;;;;;;;;;X;;
43ucnk31t4;X;;;;;;;;X;X;;;;X;X;;X;;;X;;;X;;;;;
49emnd7ydj;;;;;;X;;;;;;;;;;;;;;;;;;;;;;
5aoc0o3jqr;;X;;;;;X;;;;;;;;;;;;;;;;;X;;;;
5bda6scwut;;;;;;;;;;;;;;;;X;;;;;;;;;;;;
5cxpah2fv3;;;;;;;X;;;;X;;;;;;;X;;;;;;;;;;
5c4unduu83;;X;;X;;X;;;;X;;;;X;X;;;;X;;;;;;;;X;
5foog050kl;;;;;;;X;;;;X;;;X;X;;;;;;;;;;;X;;
5gy8xsbp4w;;;;;;;X;;;;X;;;X;;;;;;;;X;;;;;;
5g5kolawti;;;;;;;;;;X;;;;;;;;;X;X;;;;;;;;
5hmdfei1nq;;;X;;;;;;;;X;;;;;;;;X;;;;;;;;;
5kauk6brtm;X;;;;;;;;;;;;;;;;;X;;;;;;;;;;
5kkzim49kx;;;X;;;;;;;;;;;;;;;;;;;;;;;;;
5llwo0hegb;;;;;;;;;;;;;;;;;;;X;;;;;;;;;
5o146e79p3;;;;;;;;;;;;;;;;;;;;;;;;;X;;;
5o5os46ou1;;;X;;;;;;;;X;;;;;;;;;;;;;;;;;X
5qj7g6tbuf;;;;X;;;;;;;;;;;X;;;;;;X;;;;;;X;X
5ses6kn1ks;;X;;X;;X;;;;;;;;;;;;;;;;;;;;;;
5sv7w96a4x;;;;;;;X;;;;;;;;;;;;;;;;;;;;;
5s8b02cuz7;;;;;;;;;;;X;;;;;X;X;;X;;;X;X;;;;;
5tgzbd0hxm;;;;;;;;;;;;;;;;;;;;;;;;;X;;;
5uikwhxrg9;;;;;;;;;;;X;;;;;;;;;;;;;;;;;
5utpkzynli;;;;;;;;;;;;X;;;X;;;;;;;;;;;;;X
51wg17gp40;;;;;;;;;;;;X;;;;;;;;;;;;;;;;
562mkcsqub;;;;X;X;;X;;X;;;;;;;;;;;;;;;;;;;
57lbyncngw;;;;;;;;;;;;X;;X;X;;;;X;;;;;;;;;
59tb92hn17;;X;;;;;;;;;X;;;X;X;X;;;;;;X;;;;;;
6c184051zs;;;;;;;;;;;;;;;;X;;;;;;;;;;;;
6fihgdpby1;;;;;;;;;;;;;;X;;;;;;;;;;;;;;
6gp0aj6082;;;;X;;;;;;;;;;;;;;;;;;;;;;;;
6hfigt8zyw;;;;;;;;;;;;;X;X;;;;;;;;X;;;;;;
6j7budbgjs;;;X;X;;;;;;;;X;;;;X;;;;X;X;;;;;X;;
6kvae1q2g5;;;;;;;;;;;X;;;;;;;;;;;;;;;;X;
6k20wu4n73;;;;;;;;;;;;;;;;;X;;;;;;;;;;;X
6odocdu7ic;;;;;;;;;X;;;;;;;;;;;;;;;;;;;
6okr37b8c5;;X;;X;;;;;X;;X;;;;;;;;;;;;;;;;;
6qkthlu95h;;;;X;;X;;;;;;;;;;;;;;;;;;;;;;
6sp4dkfo4m;;;;;;;;;;;;;;X;;;;;;;;;;;;;;
6ufk2e785x;X;;;;;;;;;;X;;;;;;;;X;;;;;;;;;
6wm7jxqxi0;;;X;;;;;;;;;;;;;;;;;;;;;;;;;
6wwz8cnfm0;X;;;;;X;;;;;;;;;;;;;;;;;X;;X;;;
6w5mpcjxpb;;;;;;;;;;;;;;;;;;;;;;;;;;X;;
6xdocvmm6w;;;;;;;X;;;;;;;;;;;;;;;;;;;;X;
6xd8ehvtgc;;;;;X;;;;;;X;;;;X;;;;;;;;;X;;;X;
6zc12r7jce;;;;X;;;X;;;;X;;;;;;;;;;;;;;;;;
6zlzhb46ca;;;;X;;;;;;X;;;;;X;;;;;;;;;;;;;X
6z3o07htzl;;;;;;;;;;;;;;;;;;;;;;;;;;X;;
63qt3sx5pb;;;;X;X;;X;;;;X;X;;X;;;;;;;X;;;;;;;
65q4vgen53;;;;;;;;;;;;;;;;;;;;;;;;;;X;;
66oagxb2f3;;;;;;;;;;;;;;X;X;X;;;;;;;X;;;;;
67k1i8c5kt;X;;;X;;;X;;X;;X;;;X;;X;;;;;;X;;;;;;
7aeoojuf51;;;;;;;;;;;;;;;;;X;;;;;;;;;;;
7b1yq1b333;;;;;;;;;;;;;;;;;X;;;;;;;;;;;
7cntr5emxp;X;;X;;;;;;;;;;;X;;;;;;;;;;;;;;
7cvui1pnje;;;;;;;;;;;;;;;;;;;;;;;;;;X;;
7der97sf6a;;;;;;;;;;;;;;;;;;;;;;;;;;;;X
7dgj6499fb;;;;X;;;;;;;;;;;;;;;;;;;;;;;;
7i8zn5i1ue;;;;;;;;;;;;;;;;;;;;;;;;;;;X;
7lruy6v7a0;;;;;X;;X;;;;X;;;X;;X;;X;;;;;;;X;;;
7l6qbkons6;;;;;;;;;;;;;;;;;;;;;;;;X;;X;;
7raj2av6p1;;;X;;;;;;;;;;;;;;;;;;;;;;;;;
7sbnp1rebb;;;;X;;;;;;;X;;;;;;;;;;;;;;;;;
7sxlysig5y;;;;;;;;;;;X;X;;X;;;;;;;;;;;;;;
7u6fdshnnl;;;;;;;;;;;X;;;;;;;;;;;;;;;;;
7weyppia0y;;;;;;;;;;;X;;X;;;;;;;;X;;;;;;;
70rnihrs6d;;;;;;;;;;;;;;;X;;;;;;;;;;;;;
73bu9u5lb5;;;;;;;;;;;X;;;X;;;;;;;;;;;;;;
73nmr0xa85;;;;X;;;;;;;;;;;;;;;;;;;;;;;;
7440oky9b8;;;;;;;;;;;;;;;;;;;;;;;;;X;;;
75alob5k8c;;;;;;X;;;;;X;;;;X;;;;X;X;;X;X;;;;X;
75e8w8i70g;;;X;X;;;;;;X;;;;X;;;;;;;;;;;;;;
79l4px1zig;X;;;;;X;;;;;;;;;;;;;;;;;X;;;;;
8cushycc62;;;;X;;;;;;;;;;;;;;;;;;;;;;;;
8ef1uewumd;;;;;X;;;;;;;;;;;;;;;;;;;;;;;
8htman88oc;;;X;;;;;;;X;;;;;;;;;;;;;;;;;;
8igj5pc8b1;;;X;X;;;;;;X;;;;;;X;X;;;;;X;X;;;;X;
8kyhncdh4x;;;;;;;;;;X;;;;;;;;;;;;;;;;;;
8ldzoxii7v;X;;;X;;;X;;X;;;;;;;;X;;;;;;X;X;;X;;
8mimhsbpeg;;;;;;;;;;;;;;;X;;;;;;;;;;;;;
8nk2iwan7y;;X;;;;;;;;;;;;X;;;;;;;;X;X;;;;;
8nnhvl5953;;;X;;X;;;;;;X;;;X;;;;;;;;;;;;;;
8ohabe7wes;;;X;;X;;;X;;;X;;;X;;X;;X;;;;;;;;;X;
8oh2xutfyy;;;;;;;;;X;;;X;;X;;;;;;;;;;;;;;
8q5vdu62gr;;;;;;;;;;;X;;;;;;X;;;;;;;;;;;
8rdjmj6jk1;X;;;X;;X;;;;;;;;X;X;;;;;X;;;X;;;;;X
8rjhypk6yd;;;;;;;;;;;;;;;;;;;;;;;;;;;;
8ss4j8hqbq;;;;;;;;;;;;;;;;;;;;;;;;;X;;;
8uspjbg0d7;;;;;;;;;;;;;;;;;X;;;;;;;;;;;
8w79j7j2sj;;;X;;;;;;;;;;;;;;;;;;;X;;;;;;X
8xhguguzsh;;X;;;;;;;;;;;;;X;;X;;;;;;;;;X;;
8xkcjonmzf;;;;;;;;;;;;;;;;;X;;;;;X;;;;;;
8y6qgt8zfw;;;;;;;;;X;;;;;;;;;;;;;;;;;;;
8zwldn9hd6;;;;;;;;;;X;;;;X;;;;;;;;;;;;;;
80ij7168cy;;;X;;;;;;;;X;;X;;;;;;;;;;;;;;;
82lt6xit7g;;;;X;;X;;;;;;;;;;;;;;;;;;;X;;;X
84cwt9j704;;;;;;;;;;;;;;;;;X;;X;;;;;;;;;
86vasulke2;;;X;X;X;;;;;X;X;;;;;;;;;;X;X;;;;;X;
88qpx5326m;;;;X;;X;X;;X;;X;;;;;;;;;;X;;;;;;;
89ovqtmgvs;X;;;X;;X;;;;X;X;;;;X;;;;;X;;;X;;;;;
9axmriptp2;;;;;;;;;;;;;;;X;;;;;;;;;;;;;
9a03kr1awm;;;;;;;;;;;X;;;;X;;X;;;;;X;;;;;;
9bklgr87sm;X;;;;;;;;;;;;;X;X;;;;;X;;X;;X;;;;
9cez8rxnwz;;X;X;X;X;X;;;;;;;;;;;X;;;;;;;X;;;X;
9dd0fjsva0;;;;;;;;;;;;;;;;;;;;;;;;;X;;;
9df276o5cy;;;;;;;;;;;X;;;;;;X;;;;;;X;;;;;
9ef8ksna6g;;;;;;;;;;;;;;;;;;;;;;;;X;X;;;
9kj5exrwgv;;;;X;;X;;;;;;X;;;X;;;;;X;;X;;;X;X;;
9ky62875tk;;;;;;;;;;X;X;;;;;;;;;;;;;;;;;
9q9m34ldbn;;;;;X;;X;;;X;;;;X;;X;;;;;;;;;;;;
9r2i10o7vo;;;;;;;;;;;;;;;;;;;;;;;;;;;;X
9s8l76m8xw;;;;;;;;;;X;;;;;;;;;;;;;;;;;;
9tea9pxf6m;;;;;;;;;;;;;;;X;;;;;;;;;;;X;;
9uii4wktrk;;;X;;X;;X;X;;;X;;;X;;X;;;;;;;;;;;X;
9xxdrupo29;;;X;X;;;;;;X;;X;;;;X;;;;;X;;;X;;X;;
9x3wfs22pl;;;;;;;;;;X;;;;;;;;;X;;;;;;;;;
9y0vjegcer;;;X;;;;;;;;;;;;;X;;;;;;;;;;;X;
9y3qfn5ccp;;;;X;;;;;;;;;;;;;;;X;;;;;X;;;;
91fiyz8mo9;;X;;X;;;X;;;;;;;;;;;;;;;;;;;;;
910o787khm;;;;;;;;;;;;;;;X;;;;;;;;;;;;;
94x9owe65d;;;X;X;;;;;;;X;X;;X;;;;;;;;;X;;;X;;X
96bqriukcg;;;;;;;;;;;;;;;;;;X;;;;;;;;X;;
98ph98atma;X;;;X;;X;;;;;X;;;;;;X;;;;X;;;;;;;